{
    "inbtMails": [
      {"PWAReference": 123456734321, "inboxCorrespondenceIcon" : [{ "title":"Read","active":"active", "icon":"../../assets/images/icons/email.svg"},{ "title":"Linked","active":"Unactive", "icon":"../../assets/images/icons/link-symbol.svg"},{ "title":"comment","active":"active", "icon":"../../assets/images/icons/chat.svg"},{ "title":"Transfer","active":"active", "icon":"../../assets/images/icons/transfer.svg"},{ "title":"Assigned","active":"active", "icon":"../../assets/images/icons/music-social-group.svg"}] , "Subject": "asas Town and country planning act 1990 lorem ipsum dolor sit amet", "Step": "Lorem ipsum dolor si", "FromDep": "Unknown lorem ipsum dolor","ToDep": "lpsum dolor sit amet consectetur","Priority":"Normal","ReceivedDate":"01/20/2018 16:19", "mailPreviewHead" : "Lorem Ipsum is simply dummy text of the printing and typesetting industry","mailPreviewCnt_01": "Lorem Ipsum is simply dummy text of the printing and typesetting industry. Lorem Ipsum has been the industry's standard dummy text ever since the 1500s, when an unknown printer took a galley of type and scrambled it to make a type specimen book.","mailPreviewCnt_02": "Lorem Ipsum is simply dummy text of the printing and typesetting industry. Lorem Ipsum has been the industry's standard dummy text ever since the 1500s, when an unknown printer took a galley of type and scrambled it to make a type specimen book."},
      {"PWAReference": 123456734322, "inboxCorrespondenceIcon" : [{ "title":"cc","active":"Unactive", "icon":"../../assets/images/icons/envelope.svg"},{ "title":"New","active":"Unactive", "icon":"../../assets/images/icons/new-email-notification.svg"},{ "title":"comment","active":"active", "icon":"../../assets/images/icons/chat.svg"},{ "title":"Transfer","active":"active", "icon":"../../assets/images/icons/transfer.svg"},{ "title":"Assigned","active":"active", "icon":"../../assets/images/icons/music-social-group.svg"}] , "Subject": "Town and country planning act 1990 lorem ipsum dolor sit amet", "Step": "Lorem ipsum dolor si", "FromDep": "Unknown lorem ipsum dolor","ToDep": "lpsum dolor sit amet consectetur","Priority":"Normal","ReceivedDate":"01/20/2018 16:19", "mailPreviewHead" : "Lorem Ipsum is simply dummy text of the printing and typesetting industry","mailPreviewCnt_01": "Lorem Ipsum is simply dummy text of the printing and typesetting industry. Lorem Ipsum has been the industry's standard dummy text ever since the 1500s, when an unknown printer took a galley of type and scrambled it to make a type specimen book.","mailPreviewCnt_02": "Lorem Ipsum is simply dummy text of the printing and typesetting industry. Lorem Ipsum has been the industry's standard dummy text ever since the 1500s, when an unknown printer took a galley of type and scrambled it to make a type specimen book."},
      {"PWAReference": 123456734323, "inboxCorrespondenceIcon" : [{ "title":"Read","active":"active", "icon":"../../assets/images/icons/email.svg"},{ "title":"Linked","active":"Unactive", "icon":"../../assets/images/icons/link-symbol.svg"},{ "title":"comment","active":"active", "icon":"../../assets/images/icons/chat.svg"},{ "title":"Transfer","active":"active", "icon":"../../assets/images/icons/transfer.svg"},{ "title":"Assigned","active":"active", "icon":"../../assets/images/icons/music-social-group.svg"}] , "Subject": "Town and country planning act 1990 lorem ipsum dolor sit amet", "Step": "Lorem ipsum dolor si", "FromDep": "Unknown lorem ipsum dolor","ToDep": "lpsum dolor sit amet consectetur","Priority":"Normal","ReceivedDate":"01/20/2018 16:19", "mailPreviewHead" : "Lorem Ipsum is simply dummy text of the printing and typesetting industry","mailPreviewCnt_01": "Lorem Ipsum is simply dummy text of the printing and typesetting industry. Lorem Ipsum has been the industry's standard dummy text ever since the 1500s, when an unknown printer took a galley of type and scrambled it to make a type specimen book.","mailPreviewCnt_02": "Lorem Ipsum is simply dummy text of the printing and typesetting industry. Lorem Ipsum has been the industry's standard dummy text ever since the 1500s, when an unknown printer took a galley of type and scrambled it to make a type specimen book."},
      {"PWAReference": 123456734324, "inboxCorrespondenceIcon" : [{ "title":"cc","active":"Unactive", "icon":"../../assets/images/icons/envelope.svg"},{ "title":"New","active":"Unactive", "icon":"../../assets/images/icons/new-email-notification.svg"},{ "title":"comment","active":"active", "icon":"../../assets/images/icons/chat.svg"},{ "title":"Transfer","active":"active", "icon":"../../assets/images/icons/transfer.svg"},{ "title":"Assigned","active":"active", "icon":"../../assets/images/icons/music-social-group.svg"}] , "Subject": "Town and country planning act 1990 lorem ipsum dolor sit amet", "Step": "Lorem ipsum dolor si", "FromDep": "Unknown lorem ipsum dolor","ToDep": "lpsum dolor sit amet consectetur","Priority":"Normal","ReceivedDate":"01/20/2018 16:19", "mailPreviewHead" : "Lorem Ipsum is simply dummy text of the printing and typesetting industry","mailPreviewCnt_01": "Lorem Ipsum is simply dummy text of the printing and typesetting industry. Lorem Ipsum has been the industry's standard dummy text ever since the 1500s, when an unknown printer took a galley of type and scrambled it to make a type specimen book.","mailPreviewCnt_02": "Lorem Ipsum is simply dummy text of the printing and typesetting industry. Lorem Ipsum has been the industry's standard dummy text ever since the 1500s, when an unknown printer took a galley of type and scrambled it to make a type specimen book."},
      {"PWAReference": 123456734325, "inboxCorrespondenceIcon" : [{ "title":"Read","active":"active", "icon":"../../assets/images/icons/email.svg"},{ "title":"Linked","active":"Unactive", "icon":"../../assets/images/icons/link-symbol.svg"},{ "title":"comment","active":"active", "icon":"../../assets/images/icons/chat.svg"},{ "title":"Transfer","active":"active", "icon":"../../assets/images/icons/transfer.svg"},{ "title":"Assigned","active":"active", "icon":"../../assets/images/icons/music-social-group.svg"}] , "Subject": "Town and country planning act 1990 lorem ipsum dolor sit amet", "Step": "Lorem ipsum dolor si", "FromDep": "Unknown lorem ipsum dolor","ToDep": "lpsum dolor sit amet consectetur","Priority":"Normal","ReceivedDate":"01/20/2018 16:19", "mailPreviewHead" : "Lorem Ipsum is simply dummy text of the printing and typesetting industry","mailPreviewCnt_01": "Lorem Ipsum is simply dummy text of the printing and typesetting industry. Lorem Ipsum has been the industry's standard dummy text ever since the 1500s, when an unknown printer took a galley of type and scrambled it to make a type specimen book.","mailPreviewCnt_02": "Lorem Ipsum is simply dummy text of the printing and typesetting industry. Lorem Ipsum has been the industry's standard dummy text ever since the 1500s, when an unknown printer took a galley of type and scrambled it to make a type specimen book."},
      {"PWAReference": 123456734326, "inboxCorrespondenceIcon" : [{ "title":"cc","active":"Unactive", "icon":"../../assets/images/icons/envelope.svg"},{ "title":"New","active":"Unactive", "icon":"../../assets/images/icons/new-email-notification.svg"},{ "title":"comment","active":"active", "icon":"../../assets/images/icons/chat.svg"},{ "title":"Transfer","active":"active", "icon":"../../assets/images/icons/transfer.svg"},{ "title":"Assigned","active":"active", "icon":"../../assets/images/icons/music-social-group.svg"}] , "Subject": "Town and country planning act 1990 lorem ipsum dolor sit amet", "Step": "Lorem ipsum dolor si", "FromDep": "Unknown lorem ipsum dolor","ToDep": "lpsum dolor sit amet consectetur","Priority":"Normal","ReceivedDate":"01/20/2018 16:19", "mailPreviewHead" : "Lorem Ipsum is simply dummy text of the printing and typesetting industry","mailPreviewCnt_01": "Lorem Ipsum is simply dummy text of the printing and typesetting industry. Lorem Ipsum has been the industry's standard dummy text ever since the 1500s, when an unknown printer took a galley of type and scrambled it to make a type specimen book.","mailPreviewCnt_02": "Lorem Ipsum is simply dummy text of the printing and typesetting industry. Lorem Ipsum has been the industry's standard dummy text ever since the 1500s, when an unknown printer took a galley of type and scrambled it to make a type specimen book."},
      {"PWAReference": 123456734327, "inboxCorrespondenceIcon" : [{ "title":"Read","active":"active", "icon":"../../assets/images/icons/email.svg"},{ "title":"Linked","active":"Unactive", "icon":"../../assets/images/icons/link-symbol.svg"},{ "title":"comment","active":"active", "icon":"../../assets/images/icons/chat.svg"},{ "title":"Transfer","active":"active", "icon":"../../assets/images/icons/transfer.svg"},{ "title":"Assigned","active":"active", "icon":"../../assets/images/icons/music-social-group.svg"}] , "Subject": "Town and country planning act 1990 lorem ipsum dolor sit amet", "Step": "Lorem ipsum dolor si", "FromDep": "Unknown lorem ipsum dolor","ToDep": "lpsum dolor sit amet consectetur","Priority":"Normal","ReceivedDate":"01/20/2018 16:19", "mailPreviewHead" : "Lorem Ipsum is simply dummy text of the printing and typesetting industry","mailPreviewCnt_01": "Lorem Ipsum is simply dummy text of the printing and typesetting industry. Lorem Ipsum has been the industry's standard dummy text ever since the 1500s, when an unknown printer took a galley of type and scrambled it to make a type specimen book.","mailPreviewCnt_02": "Lorem Ipsum is simply dummy text of the printing and typesetting industry. Lorem Ipsum has been the industry's standard dummy text ever since the 1500s, when an unknown printer took a galley of type and scrambled it to make a type specimen book."},
      {"PWAReference": 123456734328, "inboxCorrespondenceIcon" : [{ "title":"cc","active":"Unactive", "icon":"../../assets/images/icons/envelope.svg"},{ "title":"New","active":"Unactive", "icon":"../../assets/images/icons/new-email-notification.svg"},{ "title":"comment","active":"active", "icon":"../../assets/images/icons/chat.svg"},{ "title":"Transfer","active":"active", "icon":"../../assets/images/icons/transfer.svg"},{ "title":"Assigned","active":"active", "icon":"../../assets/images/icons/music-social-group.svg"}] , "Subject": "Town and country planning act 1990 lorem ipsum dolor sit amet", "Step": "Lorem ipsum dolor si", "FromDep": "Unknown lorem ipsum dolor","ToDep": "lpsum dolor sit amet consectetur","Priority":"Normal","ReceivedDate":"01/20/2018 16:19", "mailPreviewHead" : "Lorem Ipsum is simply dummy text of the printing and typesetting industry","mailPreviewCnt_01": "Lorem Ipsum is simply dummy text of the printing and typesetting industry. Lorem Ipsum has been the industry's standard dummy text ever since the 1500s, when an unknown printer took a galley of type and scrambled it to make a type specimen book.","mailPreviewCnt_02": "Lorem Ipsum is simply dummy text of the printing and typesetting industry. Lorem Ipsum has been the industry's standard dummy text ever since the 1500s, when an unknown printer took a galley of type and scrambled it to make a type specimen book."}
    ]}